protein,selection,structure_pattern,map_pattern,base_map_dir,resolution
1VME,chain A and resi 1-1;chain A and resi 67-67;chain A and resi 70-70;chain A and resi 164-164;chain A and resi 207-207;chain A and resi 218-218;chain A and resi 245-245;chain A and resi 269-269;chain A and resi 318-320;chain A and resi 326-326;chain A and resi 373-373,1VME_single_001_density_input.cif,{occ_str}/density_maps/1VME_{occ_str}_1.00A.ccp4,occ_sweeps,1.0
2A26,chain A and resi 11-11;chain A and resi 16-18;chain A and resi 26-26;chain A and resi 30-30;chain A and resi 45-45,2A26_single_001_density_input.cif,{occ_str}/density_maps/2A26_{occ_str}_1.00A.ccp4,occ_sweeps,1.0
2BWD,chain A and resi 16-16;chain A and resi 22-22;chain A and resi 29-29;chain A and resi 33-33;chain A and resi 36-36;chain A and resi 46-46;chain A and resi 50-50;chain A and resi 78-78;chain A and resi 92-92;chain A and resi 94-94;chain A and resi 98-98;chain A and resi 106-106;chain A and resi 141-141;chain A and resi 168-168;chain A and resi 197-199;chain A and resi 211-211;chain A and resi 239-239;chain A and resi 276-276;chain A and resi 302-302;chain A and resi 313-313;chain A and resi 321-321;chain A and resi 323-323;chain A and resi 325-325;chain A and resi 330-330;chain A and resi 340-340,2BWD_single_001_density_input.cif,{occ_str}/density_maps/2BWD_{occ_str}_1.00A.ccp4,occ_sweeps,1.0
2E7Z,chain A and resi 23-23;chain A and resi 81-81;chain A and resi 93-93;chain A and resi 105-105;chain A and resi 141-141;chain A and resi 195-197;chain A and resi 277-279;chain A and resi 339-339;chain A and resi 344-344;chain A and resi 376-376;chain A and resi 446-446;chain A and resi 508-509;chain A and resi 549-551;chain A and resi 633-635;chain A and resi 664-666,2E7Z_single_001_density_input.cif,{occ_str}/density_maps/2E7Z_{occ_str}_1.00A.ccp4,occ_sweeps,1.0
2I6H,chain B and resi 11-11;chain B and resi 23-23;chain B and resi 26-26;chain B and resi 33-33;chain B and resi 56-56;chain B and resi 105-105;chain B and resi 108-108;chain B and resi 131-131;chain B and resi 146-146;chain B and resi 153-155;chain B and resi 159-159;chain B and resi 165-165;chain B and resi 169-171,2I6H_single_001_density_input.cif,{occ_str}/density_maps/2I6H_{occ_str}_1.00A.ccp4,occ_sweeps,1.0
2IGT,chain A and resi 19-19;chain A and resi 53-53;chain A and resi 58-59;chain A and resi 62-62;chain A and resi 77-77;chain A and resi 94-94;chain A and resi 99-99;chain A and resi 108-109;chain A and resi 121-121;chain A and resi 128-128;chain A and resi 131-131;chain A and resi 181-181;chain A and resi 185-185;chain A and resi 200-200;chain A and resi 215-215;chain A and resi 225-225;chain A and resi 235-235;chain A and resi 254-256;chain A and resi 261-261;chain A and resi 290-292,2IGT_single_001_density_input.cif,{occ_str}/density_maps/2IGT_{occ_str}_1.00A.ccp4,occ_sweeps,1.0
2P97,chain A and resi 2-2;chain A and resi 14-14;chain A and resi 18-20;chain A and resi 35-35;chain A and resi 56-57;chain A and resi 67-67;chain A and resi 97-97;chain A and resi 100-100;chain A and resi 112-112;chain A and resi 129-129;chain A and resi 141-141;chain A and resi 147-147;chain A and resi 155-155;chain A and resi 166-166;chain A and resi 180-180;chain A and resi 186-186,2P97_single_001_density_input.cif,{occ_str}/density_maps/2P97_{occ_str}_1.00A.ccp4,occ_sweeps,1.0
2QCV,chain A and resi 2-4;chain A and resi 39-39;chain A and resi 54-54;chain A and resi 77-77;chain A and resi 85-85;chain A and resi 111-111;chain A and resi 144-144;chain A and resi 198-198;chain A and resi 215-215;chain A and resi 261-261;chain A and resi 282-282;chain A and resi 284-284,2QCV_single_001_density_input.cif,{occ_str}/density_maps/2QCV_{occ_str}_1.00A.ccp4,occ_sweeps,1.0
2XLW,chain A and resi 10-10;chain A and resi 18-20;chain A and resi 30-30;chain A and resi 37-37;chain A and resi 52-52;chain A and resi 60-62;chain A and resi 66-66;chain A and resi 69-71;chain A and resi 81-83;chain A and resi 87-89;chain A and resi 92-92;chain A and resi 98-99;chain A and resi 106-106;chain A and resi 111-111;chain A and resi 115-115;chain A and resi 121-122,2XLW_single_001_density_input.cif,{occ_str}/density_maps/2XLW_{occ_str}_1.00A.ccp4,occ_sweeps,1.0
2YL0,chain A and resi 10-10;chain A and resi 19-19;chain A and resi 30-30;chain A and resi 37-37;chain A and resi 40-40;chain A and resi 46-46;chain A and resi 52-52;chain A and resi 60-62;chain A and resi 66-66;chain A and resi 68-70;chain A and resi 74-76;chain A and resi 81-81;chain A and resi 88-89;chain A and resi 92-92;chain A and resi 94-94;chain A and resi 102-104;chain A and resi 106-106;chain A and resi 115-115,2YL0_single_001_density_input.cif,{occ_str}/density_maps/2YL0_{occ_str}_1.00A.ccp4,occ_sweeps,1.0
3DT2,chain A and resi 11-11;chain A and resi 17-17;chain A and resi 21-21;chain A and resi 36-36;chain A and resi 39-39;chain A and resi 41-42;chain A and resi 50-51;chain A and resi 55-55;chain A and resi 70-71;chain A and resi 103-103;chain A and resi 109-111;chain A and resi 120-120;chain A and resi 151-151;chain A and resi 153-154;chain A and resi 191-191;chain A and resi 209-209;chain A and resi 274-274;chain A and resi 276-276;chain A and resi 296-296;chain A and resi 320-320;chain A and resi 390-390;chain A and resi 422-422;chain A and resi 502-502;chain A and resi 510-510;chain A and resi 524-524;chain A and resi 545-545;chain A and resi 578-578;chain A and resi 583-583;chain A and resi 587-587;chain A and resi 597-597;chain A and resi 613-613,3DT2_single_001_density_input.cif,{occ_str}/density_maps/3DT2_{occ_str}_1.00A.ccp4,occ_sweeps,1.0
3HVV,chain A and resi 58-60;chain A and resi 93-93,3HVV_single_001_density_input.cif,{occ_str}/density_maps/3HVV_{occ_str}_1.00A.ccp4,occ_sweeps,1.0
3HYN,chain A and resi 19-21;chain A and resi 31-31;chain A and resi 38-38;chain A and resi 45-45;chain A and resi 60-62;chain A and resi 69-69;chain A and resi 71-71;chain A and resi 78-78;chain A and resi 91-93;chain A and resi 97-97;chain A and resi 121-121;chain A and resi 127-127;chain A and resi 133-134;chain A and resi 141-141;chain A and resi 149-149;chain A and resi 151-151;chain A and resi 160-160;chain A and resi 166-166;chain A and resi 182-182,3HYN_single_001_density_input.cif,{occ_str}/density_maps/3HYN_{occ_str}_1.00A.ccp4,occ_sweeps,1.0
3I7M,chain A and resi 8-9;chain A and resi 15-15;chain A and resi 29-29;chain A and resi 38-39;chain A and resi 60-60;chain A and resi 68-68;chain A and resi 70-70;chain A and resi 78-79;chain A and resi 85-85;chain A and resi 88-88;chain A and resi 96-96;chain A and resi 112-112;chain A and resi 130-130;chain A and resi 133-133,3I7M_single_001_density_input.cif,{occ_str}/density_maps/3I7M_{occ_str}_1.00A.ccp4,occ_sweeps,1.0
3IAC,chain A and resi 55-57;chain A and resi 84-84;chain A and resi 111-111;chain A and resi 186-186;chain A and resi 200-200;chain A and resi 212-212;chain A and resi 287-287;chain A and resi 317-317;chain A and resi 334-334,3IAC_single_001_density_input.cif,{occ_str}/density_maps/3IAC_{occ_str}_1.00A.ccp4,occ_sweeps,1.0
3L4P,chain A and resi 2-2;chain A and resi 11-11;chain A and resi 13-13;chain A and resi 18-18;chain A and resi 55-55;chain A and resi 58-58;chain A and resi 82-84;chain A and resi 124-124;chain A and resi 132-132;chain A and resi 134-134;chain A and resi 166-166;chain A and resi 171-173;chain A and resi 182-182;chain A and resi 204-206;chain A and resi 216-216;chain A and resi 233-233;chain A and resi 240-240;chain A and resi 261-261;chain A and resi 271-273;chain A and resi 303-305;chain A and resi 318-320;chain A and resi 334-334;chain A and resi 352-352;chain A and resi 372-372;chain A and resi 382-382;chain A and resi 396-396;chain A and resi 466-466;chain A and resi 468-468;chain A and resi 520-520;chain A and resi 553-553;chain A and resi 557-557;chain A and resi 559-559;chain A and resi 579-579;chain A and resi 587-587;chain A and resi 594-595;chain A and resi 597-597;chain A and resi 604-605;chain A and resi 661-661;chain A and resi 680-680;chain A and resi 722-724;chain A and resi 733-733;chain A and resi 736-737;chain A and resi 742-742;chain A and resi 748-750;chain A and resi 761-761;chain A and resi 783-783;chain A and resi 789-789;chain A and resi 826-826;chain A and resi 834-834;chain A and resi 842-843;chain A and resi 847-847;chain A and resi 889-889,3L4P_single_001_density_input.cif,{occ_str}/density_maps/3L4P_{occ_str}_1.00A.ccp4,occ_sweeps,1.0
3T94,chain A and resi 42-42;chain A and resi 91-91;chain A and resi 116-118;chain A and resi 132-133;chain A and resi 152-152;chain A and resi 204-205;chain A and resi 211-211;chain A and resi 229-229;chain A and resi 232-232,3T94_single_001_density_input.cif,{occ_str}/density_maps/3T94_{occ_str}_1.00A.ccp4,occ_sweeps,1.0
4GMU,chain A and resi 14-14;chain A and resi 39-39;chain A and resi 41-42;chain A and resi 50-51;chain A and resi 56-56;chain A and resi 70-70;chain A and resi 85-87;chain A and resi 97-97;chain A and resi 120-120;chain A and resi 123-123;chain A and resi 190-191;chain A and resi 224-224;chain A and resi 226-227;chain A and resi 235-235;chain A and resi 244-244;chain A and resi 253-253;chain A and resi 312-312;chain A and resi 350-350;chain A and resi 403-403;chain A and resi 442-442;chain A and resi 475-476;chain A and resi 503-503;chain A and resi 543-543;chain A and resi 545-545;chain A and resi 578-578;chain A and resi 582-582;chain A and resi 587-587;chain A and resi 606-607;chain A and resi 609-609;chain A and resi 613-613;chain A and resi 619-619,4GMU_single_001_density_input.cif,{occ_str}/density_maps/4GMU_{occ_str}_1.00A.ccp4,occ_sweeps,1.0
4OLE,chain B and resi 395-395;chain B and resi 424-426,4OLE_single_001_density_input.cif,{occ_str}/density_maps/4OLE_{occ_str}_1.00A.ccp4,occ_sweeps,1.0
5A71,chain A and resi 74-74;chain A and resi 76-76;chain A and resi 105-105;chain A and resi 139-139;chain A and resi 159-159;chain A and resi 182-182;chain A and resi 194-195;chain A and resi 214-215;chain A and resi 281-283;chain A and resi 298-298,5A71_single_001_density_input.cif,{occ_str}/density_maps/5A71_{occ_str}_1.00A.ccp4,occ_sweeps,1.0
5I09,chain A and resi 15-15;chain A and resi 17-17;chain A and resi 21-21;chain A and resi 31-31;chain A and resi 34-34;chain A and resi 57-57;chain A and resi 69-71;chain A and resi 91-91;chain A and resi 166-166;chain A and resi 170-170;chain A and resi 174-174;chain A and resi 188-188;chain A and resi 213-213;chain A and resi 281-281;chain A and resi 303-303;chain A and resi 325-325;chain A and resi 351-351,5I09_single_001_density_input.cif,{occ_str}/density_maps/5I09_{occ_str}_1.00A.ccp4,occ_sweeps,1.0
5IMV,chain A and resi 6-6;chain A and resi 24-24;chain A and resi 59-59;chain A and resi 65-67;chain A and resi 74-74;chain A and resi 82-82;chain A and resi 84-84;chain A and resi 106-106;chain A and resi 113-113;chain A and resi 119-119;chain A and resi 123-123;chain A and resi 127-128;chain A and resi 131-131;chain A and resi 133-133;chain A and resi 155-155,5IMV_single_001_density_input.cif,{occ_str}/density_maps/5IMV_{occ_str}_1.00A.ccp4,occ_sweeps,1.0
5MC8,chain A and resi 36-36;chain A and resi 43-43;chain A and resi 51-53;chain A and resi 79-80;chain A and resi 93-93;chain A and resi 103-104;chain A and resi 107-107;chain A and resi 115-115;chain A and resi 128-129;chain A and resi 131-131;chain A and resi 136-136;chain A and resi 148-148;chain A and resi 149-149;chain A and resi 166-166;chain A and resi 168-168;chain A and resi 172-172;chain A and resi 176-176;chain A and resi 179-179;chain A and resi 181-181;chain A and resi 194-194;chain A and resi 196-196;chain A and resi 198-199;chain A and resi 202-202;chain A and resi 206-206;chain A and resi 210-210;chain A and resi 214-214;chain A and resi 223-223;chain A and resi 235-235;chain A and resi 238-238;chain A and resi 240-241;chain A and resi 246-246;chain A and resi 269-269;chain A and resi 275-275;chain A and resi 285-285;chain A and resi 293-293;chain A and resi 296-296;chain A and resi 300-300;chain A and resi 317-317;chain A and resi 324-324;chain A and resi 346-346;chain A and resi 357-359;chain A and resi 366-366;chain A and resi 377-378,5MC8_single_001_density_input.cif,{occ_str}/density_maps/5MC8_{occ_str}_1.00A.ccp4,occ_sweeps,1.0
5MHX,chain A and resi 17-17;chain A and resi 46-47;chain A and resi 57-57;chain A and resi 131-131;chain A and resi 162-164;chain A and resi 179-179;chain A and resi 191-191;chain A and resi 198-198;chain A and resi 201-201;chain A and resi 219-220;chain A and resi 251-252;chain A and resi 265-265;chain A and resi 368-369;chain A and resi 377-377;chain A and resi 380-381;chain A and resi 409-409;chain A and resi 433-433;chain A and resi 443-443;chain A and resi 465-465;chain A and resi 476-476,5MHX_single_001_density_input.cif,{occ_str}/density_maps/5MHX_{occ_str}_1.00A.ccp4,occ_sweeps,1.0
5RBR,chain A and resi 9-9;chain A and resi 11-13;chain A and resi 68-68;chain A and resi 71-71;chain A and resi 149-149;chain A and resi 154-154;chain A and resi 164-164;chain A and resi 174-174;chain A and resi 182-182;chain A and resi 206-206;chain A and resi 215-215;chain A and resi 223-224;chain A and resi 240-240;chain A and resi 246-246;chain A and resi 249-251;chain A and resi 268-268;chain A and resi 276-276;chain A and resi 279-281;chain A and resi 289-289;chain A and resi 291-291;chain A and resi 298-300;chain A and resi 311-311;chain A and resi 325-325;chain A and resi 329-329,5RBR_single_001_density_input.cif,{occ_str}/density_maps/5RBR_{occ_str}_1.00A.ccp4,occ_sweeps,1.0
5SOP,chain A and resi 4-6;chain A and resi 10-12;chain A and resi 20-22;chain A and resi 28-30;chain A and resi 38-38;chain A and resi 42-42;chain A and resi 47-49;chain A and resi 87-88;chain A and resi 100-102;chain A and resi 113-113;chain A and resi 131-133;chain A and resi 138-140;chain A and resi 157-159,5SOP_single_001_density_input.cif,{occ_str}/density_maps/5SOP_{occ_str}_1.00A.ccp4,occ_sweeps,1.0
6B8X,chain A and resi 24-24;chain A and resi 26-26;chain A and resi 32-32;chain A and resi 36-36;chain A and resi 72-72;chain A and resi 78-80;chain A and resi 92-92;chain A and resi 105-105;chain A and resi 115-115;chain A and resi 121-121;chain A and resi 147-148;chain A and resi 150-152;chain A and resi 157-157;chain A and resi 159-159;chain A and resi 176-176;chain A and resi 181-183;chain A and resi 196-197;chain A and resi 207-207;chain A and resi 216-216;chain A and resi 221-221;chain A and resi 224-224;chain A and resi 226-226;chain A and resi 233-233;chain A and resi 235-235;chain A and resi 239-241;chain A and resi 246-246;chain A and resi 252-253;chain A and resi 265-265;chain A and resi 269-269;chain A and resi 272-272;chain A and resi 276-276;chain A and resi 278-280,6B8X_single_001_density_input.cif,{occ_str}/density_maps/6B8X_{occ_str}_1.00A.ccp4,occ_sweeps,1.0
6DUR,chain A and resi 29-31;chain A and resi 66-66;chain A and resi 216-216;chain A and resi 269-269;chain A and resi 359-361;chain A and resi 389-391;chain A and resi 397-399;chain A and resi 445-447,6DUR_single_001_density_input.cif,{occ_str}/density_maps/6DUR_{occ_str}_1.00A.ccp4,occ_sweeps,1.0
6NI5,chain A and resi 4-4;chain A and resi 9-9;chain A and resi 12-12;chain A and resi 15-15;chain A and resi 21-21;chain A and resi 24-24;chain A and resi 30-32;chain A and resi 35-35;chain A and resi 39-39;chain A and resi 43-43;chain A and resi 52-52;chain A and resi 61-62;chain A and resi 64-64;chain A and resi 66-66;chain A and resi 74-74;chain A and resi 86-86;chain A and resi 92-94;chain A and resi 101-101;chain A and resi 114-114;chain A and resi 116-117;chain A and resi 124-124;chain A and resi 135-135;chain A and resi 138-139;chain A and resi 151-153;chain A and resi 191-191;chain A and resi 193-193;chain A and resi 201-202;chain A and resi 204-206;chain A and resi 209-210;chain A and resi 213-215;chain A and resi 219-219,6NI5_single_001_density_input.cif,{occ_str}/density_maps/6NI5_{occ_str}_1.00A.ccp4,occ_sweeps,1.0
6NI6,chain A and resi 4-4;chain A and resi 12-12;chain A and resi 15-15;chain A and resi 21-21;chain A and resi 30-32;chain A and resi 35-35;chain A and resi 39-39;chain A and resi 52-52;chain A and resi 61-62;chain A and resi 64-64;chain A and resi 66-66;chain A and resi 74-74;chain A and resi 86-86;chain A and resi 92-94;chain A and resi 101-101;chain A and resi 114-114;chain A and resi 116-117;chain A and resi 124-124;chain A and resi 135-135;chain A and resi 138-139;chain A and resi 151-153;chain A and resi 174-174;chain A and resi 178-179;chain A and resi 181-181;chain A and resi 191-191;chain A and resi 193-193;chain A and resi 201-202;chain A and resi 204-206;chain A and resi 209-210;chain A and resi 213-215;chain A and resi 219-219,6NI6_single_001_density_input.cif,{occ_str}/density_maps/6NI6_{occ_str}_1.00A.ccp4,occ_sweeps,1.0
6RP1,chain C and resi 5-5;chain C and resi 10-10;chain C and resi 26-26;chain C and resi 64-64;chain C and resi 185-185;chain C and resi 287-287;chain C and resi 290-290;chain C and resi 326-328;chain C and resi 360-360;chain C and resi 418-418;chain C and resi 431-431;chain C and resi 465-465;chain C and resi 475-475;chain C and resi 513-513;chain C and resi 522-522;chain C and resi 536-536,6RP1_single_001_density_input.cif,{occ_str}/density_maps/6RP1_{occ_str}_1.00A.ccp4,occ_sweeps,1.0
6YVM,chain A and resi 224-225;chain A and resi 234-235;chain A and resi 241-241;chain A and resi 245-245;chain A and resi 248-248;chain A and resi 251-251;chain A and resi 261-262;chain A and resi 286-288;chain A and resi 295-297;chain A and resi 303-303;chain A and resi 308-308;chain A and resi 323-323;chain A and resi 327-327;chain A and resi 330-330;chain A and resi 335-335;chain A and resi 338-338;chain A and resi 343-343;chain A and resi 352-352;chain A and resi 355-356;chain A and resi 359-359;chain A and resi 361-362;chain A and resi 365-365;chain A and resi 371-371;chain A and resi 374-374;chain A and resi 391-393;chain A and resi 395-395;chain A and resi 404-404;chain A and resi 411-413;chain A and resi 427-427;chain A and resi 438-438;chain A and resi 444-444;chain A and resi 454-454;chain A and resi 461-461;chain A and resi 465-465;chain A and resi 476-476,6YVM_single_001_density_input.cif,{occ_str}/density_maps/6YVM_{occ_str}_1.00A.ccp4,occ_sweeps,1.0
7AVG,chain A and resi 1-1;chain A and resi 5-5;chain A and resi 7-7;chain A and resi 13-13;chain A and resi 15-16;chain A and resi 19-19;chain A and resi 24-24;chain A and resi 37-37;chain A and resi 39-39;chain A and resi 43-44;chain A and resi 47-49;chain A and resi 52-52;chain A and resi 65-65;chain A and resi 67-67;chain A and resi 81-81;chain A and resi 85-85;chain A and resi 86-87;chain A and resi 89-89;chain A and resi 102-104;chain A and resi 106-106;chain A and resi 109-109;chain A and resi 112-114;chain A and resi 116-118;chain A and resi 123-123;chain A and resi 126-126,7AVG_single_001_density_input.cif,{occ_str}/density_maps/7AVG_{occ_str}_1.00A.ccp4,occ_sweeps,1.0
7FRD,chain A and resi 3-5;chain A and resi 9-11;chain A and resi 24-26;chain A and resi 28-29;chain A and resi 31-31;chain A and resi 38-38;chain A and resi 47-49;chain A and resi 58-58;chain A and resi 87-88;chain A and resi 90-90;chain A and resi 100-102;chain A and resi 105-105;chain A and resi 107-107;chain A and resi 134-136;chain A and resi 157-159;chain A and resi 162-163;chain A and resi 169-169,7FRD_single_001_density_input.cif,{occ_str}/density_maps/7FRD_{occ_str}_1.00A.ccp4,occ_sweeps,1.0
7P6M,chain A and resi 5-5;chain A and resi 15-15;chain A and resi 21-21;chain A and resi 39-39;chain A and resi 44-45;chain A and resi 47-48;chain A and resi 52-52;chain A and resi 63-63;chain A and resi 65-65;chain A and resi 78-79;chain A and resi 81-81;chain A and resi 85-87;chain A and resi 89-89;chain A and resi 102-104;chain A and resi 108-109;chain A and resi 111-111;chain A and resi 113-113;chain A and resi 116-117;chain A and resi 119-120;chain A and resi 123-124,7P6M_single_001_density_input.cif,{occ_str}/density_maps/7P6M_{occ_str}_1.00A.ccp4,occ_sweeps,1.0
7Z0E,chain P and resi 7-7;chain P and resi 11-13;chain P and resi 15-15;chain P and resi 18-20;chain P and resi 22-22;chain P and resi 23-24;chain P and resi 27-27;chain P and resi 28-28;chain P and resi 32-32;chain P and resi 45-47;chain P and resi 48-48;chain P and resi 54-56;chain P and resi 59-59;chain P and resi 60-60;chain P and resi 64-65;chain P and resi 82-84;chain P and resi 93-94;chain P and resi 96-97;chain P and resi 100-100;chain P and resi 104-104;chain P and resi 115-115;chain P and resi 122-124;chain P and resi 131-131;chain P and resi 132-132;chain P and resi 133-133;chain P and resi 137-139;chain P and resi 145-145;chain P and resi 181-183;chain P and resi 193-194;chain P and resi 195-197;chain P and resi 202-202;chain P and resi 204-204;chain P and resi 206-208;chain P and resi 209-209;chain P and resi 214-216;chain P and resi 224-224;chain P and resi 226-226,7Z0E_single_001_density_input.cif,{occ_str}/density_maps/7Z0E_{occ_str}_1.00A.ccp4,occ_sweeps,1.0
8VPW,chain A and resi 12-12;chain A and resi 15-15;chain A and resi 31-31;chain A and resi 35-35;chain A and resi 42-42;chain A and resi 49-49;chain A and resi 51-52;chain A and resi 67-67;chain A and resi 72-72;chain A and resi 74-74;chain A and resi 95-97;chain A and resi 101-101;chain A and resi 117-117;chain A and resi 124-124;chain A and resi 126-126;chain A and resi 138-139;chain A and resi 142-142;chain A and resi 147-147;chain A and resi 149-149;chain A and resi 151-153;chain A and resi 162-162;chain A and resi 165-165;chain A and resi 201-202;chain A and resi 204-204;chain A and resi 210-210;chain A and resi 214-215,8VPW_single_001_density_input.cif,{occ_str}/density_maps/8VPW_{occ_str}_1.00A.ccp4,occ_sweeps,1.0
8VQ1,chain A and resi 12-12;chain A and resi 15-15;chain A and resi 35-35;chain A and resi 42-42;chain A and resi 49-49;chain A and resi 52-52;chain A and resi 67-67;chain A and resi 72-72;chain A and resi 74-74;chain A and resi 95-97;chain A and resi 101-101;chain A and resi 117-117;chain A and resi 124-124;chain A and resi 138-139;chain A and resi 142-142;chain A and resi 147-147;chain A and resi 149-149;chain A and resi 151-153;chain A and resi 162-162;chain A and resi 165-165;chain A and resi 201-202;chain A and resi 204-204;chain A and resi 210-210;chain A and resi 214-215,8VQ1_single_001_density_input.cif,{occ_str}/density_maps/8VQ1_{occ_str}_1.00A.ccp4,occ_sweeps,1.0
8Z76,chain C and resi 82-82;chain C and resi 148-148;chain C and resi 162-162;chain C and resi 230-230;chain C and resi 248-248;chain C and resi 253-253;chain C and resi 256-258;chain C and resi 470-470,8Z76_single_001_density_input.cif,{occ_str}/density_maps/8Z76_{occ_str}_1.00A.ccp4,occ_sweeps,1.0
9BN8,chain A and resi 4-4;chain A and resi 33-33;chain A and resi 113-113;chain A and resi 151-151;chain A and resi 203-203;chain A and resi 208-208;chain A and resi 218-218;chain A and resi 226-228;chain A and resi 238-238;chain A and resi 251-251;chain A and resi 315-315;chain A and resi 327-327;chain A and resi 336-337;chain A and resi 364-364;chain A and resi 375-375;chain A and resi 394-394;chain A and resi 428-428;chain A and resi 431-431;chain A and resi 438-438,9BN8_single_001_density_input.cif,{occ_str}/density_maps/9BN8_{occ_str}_1.00A.ccp4,occ_sweeps,1.0
